{
    "name": "root",
    "gauges": {
        "Crawler.Policy.Entropy.mean": {
            "value": 1.280319094657898,
            "min": 1.280319094657898,
            "max": 1.4189705848693848,
            "count": 78
        },
        "Crawler.Policy.Entropy.sum": {
            "value": 40970.2109375,
            "min": 30783.365234375,
            "max": 45407.05859375,
            "count": 78
        },
        "Crawler.Environment.EpisodeLength.mean": {
            "value": 999.0,
            "min": 999.0,
            "max": 999.0,
            "count": 78
        },
        "Crawler.Environment.EpisodeLength.sum": {
            "value": 31968.0,
            "min": 23976.0,
            "max": 31968.0,
            "count": 78
        },
        "Crawler.Step.mean": {
            "value": 2339000.0,
            "min": 29000.0,
            "max": 2339000.0,
            "count": 78
        },
        "Crawler.Step.sum": {
            "value": 2339000.0,
            "min": 29000.0,
            "max": 2339000.0,
            "count": 78
        },
        "Crawler.Policy.ExtrinsicValueEstimate.mean": {
            "value": 86.51301574707031,
            "min": 0.11408800631761551,
            "max": 330.1918029785156,
            "count": 78
        },
        "Crawler.Policy.ExtrinsicValueEstimate.sum": {
            "value": 2595.390380859375,
            "min": 3.3085522651672363,
            "max": 9905.75390625,
            "count": 78
        },
        "Crawler.Environment.CumulativeReward.mean": {
            "value": 424.8489811261495,
            "min": 26.781155480941138,
            "max": 2030.8312435833116,
            "count": 78
        },
        "Crawler.Environment.CumulativeReward.sum": {
            "value": 12745.469433784485,
            "min": 803.4346644282341,
            "max": 60924.93730749935,
            "count": 78
        },
        "Crawler.Policy.ExtrinsicReward.mean": {
            "value": 424.8489811261495,
            "min": 26.781155480941138,
            "max": 2030.8312435833116,
            "count": 78
        },
        "Crawler.Policy.ExtrinsicReward.sum": {
            "value": 12745.469433784485,
            "min": 803.4346644282341,
            "max": 60924.93730749935,
            "count": 78
        },
        "Crawler.Losses.PolicyLoss.mean": {
            "value": 0.013420996546880237,
            "min": 0.012870004397965122,
            "max": 0.022654251992758927,
            "count": 78
        },
        "Crawler.Losses.PolicyLoss.sum": {
            "value": 0.013420996546880237,
            "min": 0.012870004397965122,
            "max": 0.03880804151148451,
            "count": 78
        },
        "Crawler.Losses.ValueLoss.mean": {
            "value": 21.217371680519797,
            "min": 0.24495006149465387,
            "max": 398.3286558209044,
            "count": 78
        },
        "Crawler.Losses.ValueLoss.sum": {
            "value": 21.217371680519797,
            "min": 0.24495006149465387,
            "max": 796.6573116418087,
            "count": 78
        },
        "Crawler.Policy.LearningRate.mean": {
            "value": 0.00023016002328,
            "min": 0.00023016002328,
            "max": 0.00029928000024,
            "count": 78
        },
        "Crawler.Policy.LearningRate.sum": {
            "value": 0.00023016002328,
            "min": 0.00023016002328,
            "max": 0.0005920800026399999,
            "count": 78
        },
        "Crawler.Policy.Epsilon.mean": {
            "value": 0.17672000000000002,
            "min": 0.17672000000000002,
            "max": 0.19976000000000002,
            "count": 78
        },
        "Crawler.Policy.Epsilon.sum": {
            "value": 0.17672000000000002,
            "min": 0.17672000000000002,
            "max": 0.39736000000000005,
            "count": 78
        },
        "Crawler.Policy.Beta.mean": {
            "value": 0.0038383280000000002,
            "min": 0.0038383280000000002,
            "max": 0.004988024000000001,
            "count": 78
        },
        "Crawler.Policy.Beta.sum": {
            "value": 0.0038383280000000002,
            "min": 0.0038383280000000002,
            "max": 0.009868264000000002,
            "count": 78
        },
        "Crawler.IsTraining.mean": {
            "value": 1.0,
            "min": 1.0,
            "max": 1.0,
            "count": 78
        },
        "Crawler.IsTraining.sum": {
            "value": 1.0,
            "min": 1.0,
            "max": 1.0,
            "count": 78
        }
    },
    "metadata": {
        "timer_format_version": "0.1.0",
        "start_time_seconds": "1634172670",
        "python_version": "3.8.8 (default, Apr 13 2021, 15:08:03) [MSC v.1916 64 bit (AMD64)]",
        "command_line_arguments": "C:\\Users\\gunna\\python-envs\\sample-env\\Scripts\\mlagents-learn config/ppo/Crawler.yaml --run-id=racerCrawler90min",
        "mlagents_version": "0.27.0",
        "mlagents_envs_version": "0.27.0",
        "communication_protocol_version": "1.5.0",
        "pytorch_version": "1.7.1+cu110",
        "numpy_version": "1.21.2",
        "end_time_seconds": "1634177231"
    },
    "total": 4561.3893558,
    "count": 1,
    "self": 0.022111000000222703,
    "children": {
        "run_training.setup": {
            "total": 0.09661469999999994,
            "count": 1,
            "self": 0.09661469999999994
        },
        "TrainerController.start_learning": {
            "total": 4561.2706301,
            "count": 1,
            "self": 5.451315999875078,
            "children": {
                "TrainerController._reset_env": {
                    "total": 5.8169025,
                    "count": 1,
                    "self": 5.8169025
                },
                "TrainerController.advance": {
                    "total": 4549.326603700125,
                    "count": 295783,
                    "self": 4.847507900230994,
                    "children": {
                        "env_step": {
                            "total": 4017.4551653999183,
                            "count": 295783,
                            "self": 3509.891269500062,
                            "children": {
                                "SubprocessEnvManager._take_step": {
                                    "total": 503.6489609998887,
                                    "count": 295783,
                                    "self": 16.77853300005728,
                                    "children": {
                                        "TorchPolicy.evaluate": {
                                            "total": 486.8704279998314,
                                            "count": 295783,
                                            "self": 196.44456009990466,
                                            "children": {
                                                "TorchPolicy.sample_actions": {
                                                    "total": 290.42586789992674,
                                                    "count": 295783,
                                                    "self": 290.42586789992674
                                                }
                                            }
                                        }
                                    }
                                },
                                "workers": {
                                    "total": 3.914934899967477,
                                    "count": 295782,
                                    "self": 0.0,
                                    "children": {
                                        "worker_root": {
                                            "total": 4488.6381183000585,
                                            "count": 295782,
                                            "is_parallel": true,
                                            "self": 1332.3394907001125,