{
    "name": "root",
    "gauges": {
        "Crawler.Policy.Entropy.mean": {
            "value": 1.3742656707763672,
            "min": 1.3742656707763672,
            "max": 1.4190932512283325,
            "count": 30
        },
        "Crawler.Policy.Entropy.sum": {
            "value": 41227.96875,
            "min": 33182.05859375,
            "max": 51087.35546875,
            "count": 30
        },
        "Crawler.Environment.EpisodeLength.mean": {
            "value": 999.0,
            "min": 896.1666666666666,
            "max": 999.0,
            "count": 30
        },
        "Crawler.Environment.EpisodeLength.sum": {
            "value": 29970.0,
            "min": 23976.0,
            "max": 35964.0,
            "count": 30
        },
        "Crawler.Step.mean": {
            "value": 899298.0,
            "min": 29000.0,
            "max": 899298.0,
            "count": 30
        },
        "Crawler.Step.sum": {
            "value": 899298.0,
            "min": 29000.0,
            "max": 899298.0,
            "count": 30
        },
        "Crawler.Policy.ExtrinsicValueEstimate.mean": {
            "value": 179.12681579589844,
            "min": 0.05809934437274933,
            "max": 179.12681579589844,
            "count": 30
        },
        "Crawler.Policy.ExtrinsicValueEstimate.sum": {
            "value": 5373.8046875,
            "min": 1.6848809719085693,
            "max": 5373.8046875,
            "count": 30
        },
        "Crawler.Environment.CumulativeReward.mean": {
            "value": 1456.461437924703,
            "min": 22.515608660106,
            "max": 1668.8698898067078,
            "count": 30
        },
        "Crawler.Environment.CumulativeReward.sum": {
            "value": 43693.84313774109,
            "min": 652.952651143074,
            "max": 50066.09669420123,
            "count": 30
        },
        "Crawler.Policy.ExtrinsicReward.mean": {
            "value": 1456.461437924703,
            "min": 22.515608660106,
            "max": 1668.8698898067078,
            "count": 30
        },
        "Crawler.Policy.ExtrinsicReward.sum": {
            "value": 43693.84313774109,
            "min": 652.952651143074,
            "max": 50066.09669420123,
            "count": 30
        },
        "Crawler.Losses.PolicyLoss.mean": {
            "value": 0.01803162038171043,
            "min": 0.013503252885791218,
            "max": 0.022092715567189523,
            "count": 30
        },
        "Crawler.Losses.PolicyLoss.sum": {
            "value": 0.01803162038171043,
            "min": 0.013503252885791218,
            "max": 0.04418543113437905,
            "count": 30
        },
        "Crawler.Losses.ValueLoss.mean": {
            "value": 208.0859707919034,
            "min": 0.3621663640845906,
            "max": 232.5619379679362,
            "count": 30
        },
        "Crawler.Losses.ValueLoss.sum": {
            "value": 208.0859707919034,
            "min": 0.3621663640845906,
            "max": 465.1238759358724,
            "count": 30
        },
        "Crawler.Policy.LearningRate.mean": {
            "value": 0.00027329106890297994,
            "min": 0.00027329106890297994,
            "max": 0.00029928000024,
            "count": 30
        },
        "Crawler.Policy.LearningRate.sum": {
            "value": 0.00027329106890297994,
            "min": 0.00027329106890297994,
            "max": 0.0005920800026399999,
            "count": 30
        },
        "Crawler.Policy.Epsilon.mean": {
            "value": 0.19109702,
            "min": 0.19109702,
            "max": 0.19976000000000002,
            "count": 30
        },
        "Crawler.Policy.Epsilon.sum": {
            "value": 0.19109702,
            "min": 0.19109702,
            "max": 0.39736000000000005,
            "count": 30
        },
        "Crawler.Policy.Beta.mean": {
            "value": 0.004555741298,
            "min": 0.004555741298,
            "max": 0.004988024000000001,
            "count": 30
        },
        "Crawler.Policy.Beta.sum": {
            "value": 0.004555741298,
            "min": 0.004555741298,
            "max": 0.009868264000000002,
            "count": 30
        },
        "Crawler.IsTraining.mean": {
            "value": 1.0,
            "min": 1.0,
            "max": 1.0,
            "count": 30
        },
        "Crawler.IsTraining.sum": {
            "value": 1.0,
            "min": 1.0,
            "max": 1.0,
            "count": 30
        }
    },
    "metadata": {
        "timer_format_version": "0.1.0",
        "start_time_seconds": "1634178567",
        "python_version": "3.8.8 (default, Apr 13 2021, 15:08:03) [MSC v.1916 64 bit (AMD64)]",
        "command_line_arguments": "C:\\Users\\gunna\\python-envs\\sample-env\\Scripts\\mlagents-learn config/ppo/Crawler.yaml --run-id=racerCrawler90min1",
        "mlagents_version": "0.27.0",
        "mlagents_envs_version": "0.27.0",
        "communication_protocol_version": "1.5.0",
        "pytorch_version": "1.7.1+cu110",
        "numpy_version": "1.21.2",
        "end_time_seconds": "1634180349"
    },
    "total": 1782.4651108,
    "count": 1,
    "self": 0.007905200000095647,
    "children": {
        "run_training.setup": {
            "total": 0.08051680000000005,
            "count": 1,
            "self": 0.08051680000000005
        },
        "TrainerController.start_learning": {
            "total": 1782.3766888,
            "count": 1,
            "self": 1.6787844000029963,
            "children": {
                "TrainerController._reset_env": {
                    "total": 6.2042298,
                    "count": 1,
                    "self": 6.2042298
                },
                "TrainerController.advance": {
                    "total": 1774.1428439999968,
                    "count": 87436,
                    "self": 1.4763425999710762,
                    "children": {
                        "env_step": {
                            "total": 1563.0226671000162,
                            "count": 87436,
                            "self": 1401.3871617999928,
                            "children": {
                                "SubprocessEnvManager._take_step": {
                                    "total": 160.39030979998245,
                                    "count": 87436,
                                    "self": 5.397067699957546,
                                    "children": {
                                        "TorchPolicy.evaluate": {
                                            "total": 154.9932421000249,
                                            "count": 87431,
                                            "self": 65.27869830002922,
                                            "children": {
                                                "TorchPolicy.sample_actions": {
                                                    "total": 89.71454379999568,
                                                    "count": 87431,
                                                    "self": 89.71454379999568
                                                }
                                            }
                                        }
                                    }
                                },
                                "workers": {
                                    "total": 1.2451955000409898,
                                    "count": 87435,
                                    "self": 0.0,
                                    "children": {
                                        "worker_root": {
                                            "total": 1722.14221000002,
                                            "count": 87435,
                                            "is_parallel": true,
                                            "self": 469.0872344000204,