{
    "name": "root",
    "gauges": {
        "Crawler.Policy.Entropy.mean": {
            "value": 1.3735463619232178,
            "min": 1.3735463619232178,
            "max": 1.421329140663147,
            "count": 37
        },
        "Crawler.Policy.Entropy.sum": {
            "value": 41206.390625,
            "min": 41206.390625,
            "max": 42639.875,
            "count": 37
        },
        "Crawler.Environment.EpisodeLength.mean": {
            "value": 999.0,
            "min": 999.0,
            "max": 999.0,
            "count": 37
        },
        "Crawler.Environment.EpisodeLength.sum": {
            "value": 29970.0,
            "min": 29970.0,
            "max": 29970.0,
            "count": 37
        },
        "Crawler.Step.mean": {
            "value": 1109000.0,
            "min": 29000.0,
            "max": 1109000.0,
            "count": 37
        },
        "Crawler.Step.sum": {
            "value": 1109000.0,
            "min": 29000.0,
            "max": 1109000.0,
            "count": 37
        },
        "Crawler.Policy.ExtrinsicValueEstimate.mean": {
            "value": 138.7380828857422,
            "min": 0.13299012184143066,
            "max": 154.19908142089844,
            "count": 37
        },
        "Crawler.Policy.ExtrinsicValueEstimate.sum": {
            "value": 4162.142578125,
            "min": 3.8567135334014893,
            "max": 4625.97265625,
            "count": 37
        },
        "Crawler.Environment.CumulativeReward.mean": {
            "value": 929.8492035150527,
            "min": 11.692215102910996,
            "max": 1174.606536356608,
            "count": 37
        },
        "Crawler.Environment.CumulativeReward.sum": {
            "value": 27895.476105451584,
            "min": 350.76645308732986,
            "max": 35238.19609069824,
            "count": 37
        },
        "Crawler.Policy.ExtrinsicReward.mean": {
            "value": 929.8492035150527,
            "min": 11.692215102910996,
            "max": 1174.606536356608,
            "count": 37
        },
        "Crawler.Policy.ExtrinsicReward.sum": {
            "value": 27895.476105451584,
            "min": 350.76645308732986,
            "max": 35238.19609069824,
            "count": 37
        },
        "Crawler.Losses.PolicyLoss.mean": {
            "value": 0.015639830324895836,
            "min": 0.01384193868249316,
            "max": 0.02197815327037295,
            "count": 37
        },
        "Crawler.Losses.PolicyLoss.sum": {
            "value": 0.03127966064979167,
            "min": 0.01384193868249316,
            "max": 0.0413581457590529,
            "count": 37
        },
        "Crawler.Losses.ValueLoss.mean": {
            "value": 240.23039361202356,
            "min": 0.28622121296145697,
            "max": 349.5475158691406,
            "count": 37
        },
        "Crawler.Losses.ValueLoss.sum": {
            "value": 480.4607872240471,
            "min": 0.28622121296145697,
            "max": 480.4607872240471,
            "count": 37
        },
        "Crawler.Policy.LearningRate.mean": {
            "value": 0.00026724001092,
            "min": 0.00026724001092,
            "max": 0.00029928000024,
            "count": 37
        },
        "Crawler.Policy.LearningRate.sum": {
            "value": 0.00053448002184,
            "min": 0.00026832001056,
            "max": 0.0005920800026399999,
            "count": 37
        },
        "Crawler.Policy.Epsilon.mean": {
            "value": 0.18908000000000003,
            "min": 0.18908000000000003,
            "max": 0.19976000000000002,
            "count": 37
        },
        "Crawler.Policy.Epsilon.sum": {
            "value": 0.37816000000000005,
            "min": 0.18944,
            "max": 0.39736000000000005,
            "count": 37
        },
        "Crawler.Policy.Beta.mean": {
            "value": 0.004455092,
            "min": 0.004455092,
            "max": 0.004988024000000001,
            "count": 37
        },
        "Crawler.Policy.Beta.sum": {
            "value": 0.008910184,
            "min": 0.0044730559999999996,
            "max": 0.009868264000000002,
            "count": 37
        },
        "Crawler.IsTraining.mean": {
            "value": 1.0,
            "min": 1.0,
            "max": 1.0,
            "count": 37
        },
        "Crawler.IsTraining.sum": {
            "value": 1.0,
            "min": 1.0,
            "max": 1.0,
            "count": 37
        }
    },
    "metadata": {
        "timer_format_version": "0.1.0",
        "start_time_seconds": "1634181384",
        "python_version": "3.8.8 (default, Apr 13 2021, 15:08:03) [MSC v.1916 64 bit (AMD64)]",
        "command_line_arguments": "C:\\Users\\gunna\\python-envs\\sample-env\\Scripts\\mlagents-learn config/ppo/Crawler.yaml --run-id=racerCrawler90min1",
        "mlagents_version": "0.27.0",
        "mlagents_envs_version": "0.27.0",
        "communication_protocol_version": "1.5.0",
        "pytorch_version": "1.7.1+cu110",
        "numpy_version": "1.21.2",
        "end_time_seconds": "1634183634"
    },
    "total": 2249.4045397,
    "count": 1,
    "self": 0.006684899999982008,
    "children": {
        "run_training.setup": {
            "total": 0.09169739999999993,
            "count": 1,
            "self": 0.09169739999999993
        },
        "TrainerController.start_learning": {
            "total": 2249.3061574,
            "count": 1,
            "self": 3.263881500018215,
            "children": {
                "TrainerController._reset_env": {
                    "total": 6.579996100000001,
                    "count": 1,
                    "self": 6.579996100000001
                },
                "TrainerController.advance": {
                    "total": 2238.0946950999823,
                    "count": 188616,
                    "self": 3.094785900012539,
                    "children": {
                        "env_step": {
                            "total": 1976.2275485999614,
                            "count": 188616,
                            "self": 1657.1686455998913,
                            "children": {
                                "SubprocessEnvManager._take_step": {
                                    "total": 316.60519910005274,
                                    "count": 188616,
                                    "self": 10.525489100058053,
                                    "children": {
                                        "TorchPolicy.evaluate": {
                                            "total": 306.0797099999947,
                                            "count": 188616,
                                            "self": 131.16196370002467,
                                            "children": {
                                                "TorchPolicy.sample_actions": {
                                                    "total": 174.91774629997002,
                                                    "count": 188616,
                                                    "self": 174.91774629997002
                                                }
                                            }
                                        }
                                    }
                                },
                                "workers": {
                                    "total": 2.453703900017409,
                                    "count": 188615,
                                    "self": 0.0,
                                    "children": {
                                        "worker_root": {
                                            "total": 2222.31939699995,
                                            "count": 188615,
                                            "is_parallel": true,
                                            "self": 757.672067599889,